{"cameraMode":{"drawMode":0,"name":"Shaded","section":"Shading Mode"},"sceneLighting":true,"audioPlay":false,"sceneViewState":{"showFog":true,"showMaterialUpdate":false,"showSkybox":true,"showFlares":true,"showImageEffects":true,"showParticleSystems":true},"in2DMode":false,"pivot":{"x":0.27874183654785159,"y":1.4530408382415772,"z":-1.223191738128662},"rotation":{"x":0.1310463845729828,"y":0.5045623779296875,"z":-0.07780609279870987,"w":0.8498184084892273},"size":4.3795671463012699,"orthographic":false}