{"cameraMode":{"drawMode":0,"name":"Shaded","section":"Shading Mode"},"sceneLighting":true,"audioPlay":false,"sceneViewState":{"showFog":true,"showMaterialUpdate":false,"showSkybox":true,"showFlares":true,"showImageEffects":true,"showParticleSystems":true},"in2DMode":false,"pivot":{"x":-7.939188003540039,"y":1.9015159606933594,"z":-7.000038146972656},"rotation":{"x":0.27563241124153139,"y":0.08952002227306366,"z":-0.02579048089683056,"w":0.9567391276359558},"size":25.91706085205078,"orthographic":false}