{"cameraMode":{"drawMode":0,"name":"Shaded","section":"Shading Mode"},"sceneLighting":false,"audioPlay":false,"sceneViewState":{"showFog":true,"showMaterialUpdate":false,"showSkybox":false,"showFlares":true,"showImageEffects":true,"showParticleSystems":true},"in2DMode":false,"pivot":{"x":0.0,"y":-8.771093368530274,"z":-0.00001049041748046875},"rotation":{"x":-0.18834753334522248,"y":0.263563871383667,"z":-0.05255221575498581,"w":-0.9446149468421936},"size":89.45713806152344,"orthographic":false}