{"cameraMode":{"drawMode":0,"name":"Shaded","section":"Shading Mode"},"sceneLighting":false,"audioPlay":false,"sceneViewState":{"showFog":true,"showMaterialUpdate":false,"showSkybox":false,"showFlares":true,"showImageEffects":true,"showParticleSystems":true},"in2DMode":false,"pivot":{"x":0.0,"y":-8.771093368530274,"z":-0.00001049041748046875},"rotation":{"x":0.23686344921588899,"y":0.2959307134151459,"z":-0.07600422948598862,"w":0.9222507476806641},"size":29.117042541503908,"orthographic":false}