{"cameraMode":{"drawMode":0,"name":"Shaded","section":"Shading Mode"},"sceneLighting":false,"audioPlay":false,"sceneViewState":{"showFog":true,"showMaterialUpdate":false,"showSkybox":false,"showFlares":true,"showImageEffects":true,"showParticleSystems":true},"in2DMode":false,"pivot":{"x":4.706591606140137,"y":0.4758344888687134,"z":5.273942947387695},"rotation":{"x":0.14595922827720643,"y":0.39443111419677737,"z":-0.06361228972673416,"w":0.9050308465957642},"size":34.31922912597656,"orthographic":false}